﻿Designator,Footprint,Quantity,Value,LCSC Part #
A4988,Pololu_Breakout-16_15.2x20.3mm,1,Pololu_Breakout_A4988,
C1,CP_Radial_D10.0mm_P7.50mm,1,C_Polarized,
DISPLAY1,JST_PH_B4B-PH-K_1x04_P2.00mm_Vertical,1,SSD1306,
"GRIND1, LEFT1, RIGHT1",JST_PH_B3B-PH-K_1x03_P2.00mm_Vertical,3,Conn_01x03_Pin,
"HX711, STEPPER1",JST_PH_B4B-PH-K_1x04_P2.00mm_Vertical,2,Conn_01x04_Pin,
LM2596,YAAJ_DCDC_StepDown_LM2596,1,YAAJ_DCDC_StepDown_LM2596,
POWER1,JST_PH_B2B-PH-K_1x02_P2.00mm_Vertical,1,Conn_01x02_Pin,
U1,ESP32-DevKitC,1,ESP32-DevKitC,
